{
  "metadata": {
    "uncertainty_csv_path": "experiments\\bnn_results\\uncertainty_analysis\\test_uncertainty_per_sample.csv",
    "decision_csv_path": "experiments\\bnn_results\\decision_analysis\\test_decisions_per_sample.csv",
    "num_reference_feature_rows": 56962,
    "num_current_feature_rows": 56962,
    "num_prediction_rows": 56962
  },
  "reference_feature_summary": {
    "Time": {
      "mean": 94528.92681085636,
      "std": 47486.00108976805,
      "min": 2.0,
      "max": 172786.0,
      "median": 84476.5
    },
    "V1": {
      "mean": -0.003181121802639703,
      "std": 1.957773415909433,
      "min": -37.5580671123523,
      "max": 2.45492999121121,
      "median": 0.01453868882016875
    },
    "V2": {
      "mean": 0.0019240294151216322,
      "std": 1.6601422544617601,
      "min": -42.1726875231095,
      "max": 17.9305504474842,
      "median": 0.06905059759736575
    },
    "V3": {
      "mean": 0.001532069394968862,
      "std": 1.5200984998079383,
      "min": -32.4541981862547,
      "max": 4.22610848028397,
      "median": 0.1797034635422335
    },
    "V4": {
      "mean": 7.8888560225785e-05,
      "std": 1.4158745518089055,
      "min": -5.26306792989009,
      "max": 12.132323078978,
      "median": -0.01348661458068995
    },
    "V5": {
      "mean": -0.000698328279266164,
      "std": 1.3829533015218771,
      "min": -40.4277263001722,
      "max": 28.7626712867503,
      "median": -0.0520988687123736
    },
    "V6": {
      "mean": 0.004684683005332452,
      "std": 1.336465946287461,
      "min": -19.9963485415145,
      "max": 23.9178371266367,
      "median": -0.2744884238446035
    },
    "V7": {
      "mean": -0.0003069509879125082,
      "std": 1.231730574855193,
      "min": -31.1973285494605,
      "max": 44.0544613631638,
      "median": 0.039029287042203195
    },
    "V8": {
      "mean": 0.0017356907340358874,
      "std": 1.2057665573769325,
      "min": -50.6884193567503,
      "max": 18.282167610167,
      "median": 0.0184310792188022
    },
    "V9": {
      "mean": -0.002806990901766337,
      "std": 1.1037358192443403,
      "min": -9.48145633401495,
      "max": 9.12553490339115,
      "median": -0.05337242153157275
    },
    "V10": {
      "mean": 0.0015577425901575248,
      "std": 1.0991779044263772,
      "min": -22.1870885620007,
      "max": 13.8117577662908,
      "median": -0.09153825048079886
    },
    "V11": {
      "mean": 0.0031489480354695153,
      "std": 1.026737677089113,
      "min": -4.33931865457737,
      "max": 11.6197234753825,
      "median": -0.0372532533698297
    },
    "V12": {
      "mean": -0.010872368405432039,
      "std": 1.0098258633746966,
      "min": -18.5536970096458,
      "max": 4.31807083997779,
      "median": 0.1308527591701935
    },
    "V13": {
      "mean": 0.001972460761730607,
      "std": 0.9999433343669906,
      "min": -3.84894314852575,
      "max": 4.31615623150498,
      "median": -0.0109489982650145
    },
    "V14": {
      "mean": 0.00023446690368309742,
      "std": 0.9689353868051223,
      "min": -18.8220867423816,
      "max": 7.51840278124594,
      "median": 0.0548251711596941
    },
    "V15": {
      "mean": -0.002976218910645751,
      "std": 0.9160023694576312,
      "min": -4.15253175950472,
      "max": 5.66766717089081,
      "median": 0.046423637634263146
    },
    "V16": {
      "mean": 0.004279557250817129,
      "std": 0.8842322534880874,
      "min": -13.5632729563133,
      "max": 8.28988955954619,
      "median": 0.07151625871252225
    },
    "V17": {
      "mean": -0.001560972563753861,
      "std": 0.8694440901378526,
      "min": -23.8156358284126,
      "max": 7.29310779512161,
      "median": -0.06622265568622379
    },
    "V18": {
      "mean": -0.00022494468655996568,
      "std": 0.8353802921568776,
      "min": -9.26460873295655,
      "max": 4.02780617416473,
      "median": -0.00410963413717285
    },
    "V19": {
      "mean": -0.0026540098012828683,
      "std": 0.8144746295572379,
      "min": -4.38482842763629,
      "max": 5.59197142733558,
      "median": -0.0021316665368223
    },
    "V20": {
      "mean": 0.00399570194118938,
      "std": 0.7713884065225419,
      "min": -28.009635333749,
      "max": 26.2373907895659,
      "median": -0.06204530597443385
    },
    "V21": {
      "mean": -0.0014789480173031187,
      "std": 0.7327652932659793,
      "min": -22.7575398590576,
      "max": 27.2028391573154,
      "median": -0.0300541309904694
    },
    "V22": {
      "mean": -0.00121081089384604,
      "std": 0.7255645352191015,
      "min": -8.88701714094871,
      "max": 8.27223298396612,
      "median": 0.007985143483864449
    },
    "V23": {
      "mean": -0.00020155471135238043,
      "std": 0.6124845921311053,
      "min": -26.7511186627687,
      "max": 19.0029418232927,
      "median": -0.01192772882243055
    },
    "V24": {
      "mean": 0.0011090940251868402,
      "std": 0.6069456195062383,
      "min": -2.82238396858124,
      "max": 4.02286589044732,
      "median": 0.04161837226286465
    },
    "V25": {
      "mean": 0.0026215504063817436,
      "std": 0.5214391234742528,
      "min": -7.49574110405709,
      "max": 7.51958867870916,
      "median": 0.0188272144819262
    },
    "V26": {
      "mean": -0.0005043747880136239,
      "std": 0.48337667073966395,
      "min": -1.8553553377608,
      "max": 3.11620010152419,
      "median": -0.0538181330849795
    },
    "V27": {
      "mean": 0.00028188987677639857,
      "std": 0.3983843118456876,
      "min": -9.84580769277898,
      "max": 10.5078843530835,
      "median": 0.00089500063516005
    },
    "V28": {
      "mean": -0.0006148759040250544,
      "std": 0.3423701021065552,
      "min": -8.41226662836102,
      "max": 22.6200722185803,
      "median": 0.011320910415799
    },
    "Amount": {
      "mean": 89.0428963168428,
      "std": 247.6943154964056,
      "min": 0.0,
      "max": 12910.93,
      "median": 22.0
    }
  },
  "current_feature_summary": {
    "Time": {
      "mean": 94528.92681085636,
      "std": 47486.00108976805,
      "min": 2.0,
      "max": 172786.0,
      "median": 84476.5
    },
    "V1": {
      "mean": -0.003181121802639703,
      "std": 1.957773415909433,
      "min": -37.5580671123523,
      "max": 2.45492999121121,
      "median": 0.01453868882016875
    },
    "V2": {
      "mean": 0.0019240294151216322,
      "std": 1.6601422544617601,
      "min": -42.1726875231095,
      "max": 17.9305504474842,
      "median": 0.06905059759736575
    },
    "V3": {
      "mean": 0.001532069394968862,
      "std": 1.5200984998079383,
      "min": -32.4541981862547,
      "max": 4.22610848028397,
      "median": 0.1797034635422335
    },
    "V4": {
      "mean": 7.8888560225785e-05,
      "std": 1.4158745518089055,
      "min": -5.26306792989009,
      "max": 12.132323078978,
      "median": -0.01348661458068995
    },
    "V5": {
      "mean": -0.000698328279266164,
      "std": 1.3829533015218771,
      "min": -40.4277263001722,
      "max": 28.7626712867503,
      "median": -0.0520988687123736
    },
    "V6": {
      "mean": 0.004684683005332452,
      "std": 1.336465946287461,
      "min": -19.9963485415145,
      "max": 23.9178371266367,
      "median": -0.2744884238446035
    },
    "V7": {
      "mean": -0.0003069509879125082,
      "std": 1.231730574855193,
      "min": -31.1973285494605,
      "max": 44.0544613631638,
      "median": 0.039029287042203195
    },
    "V8": {
      "mean": 0.0017356907340358874,
      "std": 1.2057665573769325,
      "min": -50.6884193567503,
      "max": 18.282167610167,
      "median": 0.0184310792188022
    },
    "V9": {
      "mean": -0.002806990901766337,
      "std": 1.1037358192443403,
      "min": -9.48145633401495,
      "max": 9.12553490339115,
      "median": -0.05337242153157275
    },
    "V10": {
      "mean": 0.0015577425901575248,
      "std": 1.0991779044263772,
      "min": -22.1870885620007,
      "max": 13.8117577662908,