{
  "metadata": {
    "uncertainty_csv_path": "experiments/bnn_results/uncertainty_analysis/test_uncertainty_per_sample.csv",
    "evaluation_json_path": "experiments/full_evaluation.json",
    "optimal_probability_threshold": 0.8999524712562561,
    "block_probability_threshold": 0.8,
    "current_uncertainty_threshold_in_config": 0.1
  },
  "current_threshold_operating_point": {
    "uncertainty_threshold": 0.1,
    "accept_rate": 0.27492012218672096,
    "review_rate": 0.7235174326744145,
    "block_rate": 0.0015624451388645062,
    "fraud_in_accept_rate": 6.385696040868455e-05,
    "fraud_in_review_rate": 0.0006066047121054037,
    "fraud_in_block_rate": 0.8089887640449438
  },
  "suggested_threshold": {
    "uncertainty_threshold": 0.18571930169491524,
    "accept_rate": 0.5740493662441628,
    "review_rate": 0.4242477441101085,
    "block_rate": 0.0017028896457287315,
    "fraud_in_accept_rate": 3.058197498394446e-05,
    "fraud_in_review_rate": 0.0008276090374906894,
    "fraud_in_block_rate": 0.7938144329896907,
    "selection_rule": "minimum fraud_in_accept_rate subject to accept_rate >= 0.50"
  }
}