model,pr_auc,f1,recall,precision,nll,brier_score,ece
boosting_results/xgboost,0.8697118764531045,0.84,0.8571428571428571,0.8235294117647058,0.0030592424461645647,0.0004911543801426888,0.0005796727736954583
baseline_results/random_forest,0.8511200020802322,0.8323699421965318,0.7346938775510204,0.96,0.006168587271980186,0.0004344592301300282,0.00029259272263380267
baseline_results/logistic_regression,0.7178737904575203,0.11553273427471117,0.9183673469387755,0.06164383561643835,0.10431409331458813,0.02205322380558032,0.06444378721250613
boosting_results/lightgbm,0.05116551908928928,0.11223799864773495,0.8469387755102041,0.06010137581462708,0.7961527208726876,0.02305045468909107,0.023050454647521756
